<?xml version="1.0" encoding="UTF-8"?>
<project-private xmlns="http://www.netbeans.org/ns/project-private/1">
    <editor-bookmarks xmlns="http://www.netbeans.org/ns/editor-bookmarks/2" lastBookmarkId="0"/>
    <open-files xmlns="http://www.netbeans.org/ns/projectui-open-files/2">
        <group>
            <file>file:/C:/Users/Faoc_/Documents/NetBeansProjects/prueba2/src/prueba2/conexion.java</file>
            <file>file:/C:/Users/Faoc_/Documents/NetBeansProjects/prueba2/src/prueba2/Main.java</file>
            <file>file:/C:/Users/Faoc_/Documents/NetBeansProjects/prueba2/src/prueba2/menu.java</file>
        </group>
    </open-files>
</project-private>
